{
  "Main page" : {
    "transaction" : "Main page",
    "sampleCount" : 24166,
    "errorCount" : 0,
    "errorPct" : 0.0,
    "meanResTime" : 118.80427046263347,
    "medianResTime" : 113.0,
    "minResTime" : 107.0,
    "maxResTime" : 3529.0,
    "pct1ResTime" : 117.0,
    "pct2ResTime" : 118.0,
    "pct3ResTime" : 143.9900000000016,
    "throughput" : 1.6643548713682201,
    "receivedKBytesPerSec" : 3.333585782398652,
    "sentKBytesPerSec" : 0.46647446101824136
  },
  "Total" : {
    "transaction" : "Total",
    "sampleCount" : 24166,
    "errorCount" : 0,
    "errorPct" : 0.0,
    "meanResTime" : 118.80427046263347,
    "medianResTime" : 113.0,
    "minResTime" : 107.0,
    "maxResTime" : 3529.0,
    "pct1ResTime" : 117.0,
    "pct2ResTime" : 118.0,
    "pct3ResTime" : 143.9900000000016,
    "throughput" : 1.6643548713682201,
    "receivedKBytesPerSec" : 3.333585782398652,
    "sentKBytesPerSec" : 0.46647446101824136
  }
}